use july
Database changed
mysql>   CREATE TABLE sales (id INT AUTO_INCREMENT PRIMARY KEY,product_name VARCHAR(255),quantity INT,unit_price DECIMAL(10,2),total_price DECIMAL(10,2),customer_name VARCHAR(255),sale_date DATE);
Query OK, 0 rows affected (0.01 sec)

mysql> SELECT * FROM sales WHERE quantity > 10 AND total_price < 100;
+----+--------------+----------+------------+-------------+---------------+------------+
| id | product_name | quantity | unit_price | total_price | customer_name | sale_date  |
+----+--------------+----------+------------+-------------+---------------+------------+
|  5 | chart        |       12 |       8.00 |       96.00 | Alvin         | 2023-06-30 |
+----+--------------+----------+------------+-------------+---------------+------------+
1 row in set (0.01 sec)

mysql> SELECT * FROM sales WHERE sale_date = '2023-07-01' AND total_price >= 500;
+----+--------------+----------+------------+-------------+---------------+------------+
| id | product_name | quantity | unit_price | total_price | customer_name | sale_date  |
+----+--------------+----------+------------+-------------+---------------+------------+
|  6 | Mouse        |        1 |    1000.00 |     1000.00 | Sebastian     | 2023-07-01 |
+----+--------------+----------+------------+-------------+---------------+------------+
1 row in set (0.00 sec)

mysql> SELECT * FROM sales WHERE customer_name = 'John wick' OR product_name = 'Widget';
+----+--------------+----------+------------+-------------+---------------+------------+
| id | product_name | quantity | unit_price | total_price | customer_name | sale_date  |
+----+--------------+----------+------------+-------------+---------------+------------+
|  3 | Gun          |        3 |      20.00 |       60.00 | John wick     | 2023-06-20 |
+----+--------------+----------+------------+-------------+---------------+------------+
1 row in set (0.00 sec)

mysql> SELECT * FROM sales;
+----+--------------+----------+------------+-------------+---------------+------------+
| id | product_name | quantity | unit_price | total_price | customer_name | sale_date  |
+----+--------------+----------+------------+-------------+---------------+------------+
|  1 | pencil       |        5 |      10.00 |       50.00 | Rahul         | 2023-06-15 |
|  2 | Pen          |       10 |      15.00 |      150.00 | Jack sparrow  | 2023-06-18 |
|  3 | Gun          |        3 |      20.00 |       60.00 | John wick     | 2023-06-20 |
|  4 | Paper        |        8 |      12.50 |      100.00 | Dhoni         | 2023-06-25 |
|  5 | chart        |       12 |       8.00 |       96.00 | Alvin         | 2023-06-30 |
|  6 | Mouse        |        1 |    1000.00 |     1000.00 | Sebastian     | 2023-07-01 |
+----+--------------+----------+------------+-------------+---------------+------------+
6 rows in set (0.00 sec)